SKU,Description,Quantity,Amount,Sheet_Name,Status_In_Caramia
FM1118,"CASHEW BRITTLE, 10 GRAMS PER PACK",5.0,19.632489655172414,LAZ,MISSING
FM0846,SEA SALTED CRUNCH 140 GM,6.0,88.25376,LAZ,MISSING
FM0594,SEA SALTED HONEY CRUNCH CAKE,6.0,2543.0999999999995,LAZ,MISSING
FM1212,"STRAWBERRY, VACUUM PACKED, PK",3.0,355.3994837647058,LAZ,MISSING
FM0462,"PISTACCHOCOLATO, WHOLE",6.0,3219.299999999999,LAZ,MISSING
FM1334,"CHOCOLATE JAVA CAKE, PC",14.0,6825.699999999999,LAZ,MISSING
FM0376,"BLANK HAPPY BIRTHDAY LABEL, 24PCS/BX",4.0,696.62267136,LAZ,MISSING
FM0365,"STRAWBERRY FROZEN, 150G / PACK",1.0,39.849599999999995,LAZ,MISSING
FM0375,"PIPING CHOCOLATE, 200G/PK",2.0,103.06077264,LAZ,MISSING
FM0642,"TURTLE PIE, 2.5KG/TRAY",1.0,1470,LAZ,MISSING
FM0566,"CASHEW BRITTLE, 15G/PK, PK",8.0,47.117975172413786,LAZ,MISSING
FM0565,"MIDNIGHT DREAM CAKE, PC",8.0,4174.8,LAZ,MISSING
FM0324,"NEW FERRERO, 2.5KG/TRAY",1.0,1469.9999999999998,LAZ,MISSING
FM0822,"CHOCOLATE THERAPY GELATO, 4.5/TRAY",0.56,1481.7600000000002,LAZ,MISSING
FM1333,"COFFEE CRUNCH,  70 G/PK, PK",14.0,186.59199999999998,LAZ,MISSING
FM1293,"SALTED CHOCOLATE SMORES CAKE, NEW, PC",5.0,2560.2499999999995,LAZ,MISSING
FM1281,"MINI MANGO MAGNIFICO, PC",4.0,1460.2,LAZ,MISSING
FM1223,"MANGO MAGNIFICO CAKE, WHOLE, NEW DESIGN",10.0,5120.499999999999,LAZ,MISSING
FM1210,MINI UBE CAKE,8.0,2920.4,LAZ,MISSING
FM0533," PISTACCHOCOLATO, CAKE MINI, PC ",4.0,1558.2,LAZ,MISSING
FM0849,MANGO CREAM PIE 4.5 KG,0.56,1330.56,LAZ,MISSING
FM1175,"UBE CAKE, PC",25.0,12801.249999999998,LAZ,MISSING
FM1120,"MIDNIGHT DREAM CAKE, WHOLE, MINI",5.0,1825.25,LAZ,MISSING
FM1116,"STRAWBERRY CAKE, PIECE",3.0,2050.6499999999996,LAZ,MISSING
FM0376,"BLANK HAPPY BIRTHDAY LABEL, 24PCS/BX",4.0,696.62267136,LAZ,MISSING
FM0375,"PIPING CHOCOLATE, 200G/PK",2.0,103.06077264,LAZ,MISSING
FM0365,"STRAWBERRY FROZEN, 150G / PACK",1.0,39.849599999999995,LAZ,MISSING
FM0324,"NEW FERRERO, 2.5KG/TRAY",2.0,2939.9999999999995,LAZ,MISSING
FM1175,"UBE CAKE, PC",20.0,10240.999999999998,LAZ,MISSING
FM1210,MINI UBE CAKE,8.0,2920.4,LAZ,MISSING
FM1118,"CASHEW BRITTLE, 10 GRAMS PER PACK",4.0,15.705991724137931,LAZ,MISSING
FM1116,"STRAWBERRY CAKE, PIECE",0.0,0,LAZ,MISSING
FM1212,"STRAWBERRY, VACUUM PACKED, PK",0.0,0,LAZ,MISSING
FM0849,MANGO CREAM PIE 4.5 KG,0.56,1330.56,LAZ,MISSING
FM1132,"COFFEE MUDSLIDE GELATO, 2.5KGS./TRAY",1.0,1470,LAZ,MISSING
FM1293,"SALTED CHOCOLATE SMORES CAKE, NEW, PC",5.0,2560.2499999999995,LAZ,MISSING
FM0822,"CHOCOLATE THERAPY GELATO, 4.5/TRAY",0.56,1481.7600000000002,LAZ,MISSING
FM0827,"OREO COOKIES N' CREAM, 4.5KG./TRAY",0.56,1481.7600000000002,LAZ,MISSING
FM0462,"PISTACCHOCOLATO, WHOLE",7.0,3755.849999999999,LAZ,MISSING
FM0533," PISTACCHOCOLATO, CAKE MINI, PC ",4.0,1558.2,LAZ (2),MISSING
FM0566,"CASHEW BRITTLE, 15G/PK, PK",10.0,58.89746896551723,LAZ (2),MISSING
FM0565,"MIDNIGHT DREAM CAKE, PC",10.0,5218.5,LAZ (2),MISSING
FM0846,SEA SALTED CRUNCH 140 GM,5.0,73.5448,LAZ (2),MISSING
FM1333,"COFFEE CRUNCH,  70 G/PK, PK",15.0,199.92,LAZ (2),MISSING
FM1334,"CHOCOLATE JAVA CAKE, PC",15.0,7313.249999999999,LAZ (2),MISSING
FM0821,"BLUEBERRY CHEESECAKE GELATO, 4.5KG/TRAY",0.56,1481.7600000000002,LAZ (2),MISSING
FM1120,"MIDNIGHT DREAM CAKE, WHOLE, MINI",4.0,1460.2,LAZ (2),MISSING
FM1223,"MANGO MAGNIFICO CAKE, WHOLE, NEW DESIGN",10.0,5120.499999999999,LAZ (2),MISSING
FM1281,"MINI MANGO MAGNIFICO, PC",4.0,1460.2,LAZ (2),MISSING
FM0594,SEA SALTED HONEY CRUNCH CAKE,5.0,2119.2499999999995,LAZ (2),MISSING
FM0337,"NEW PISTACHIO, 4.5KG/TRAY",0.56,1481.7600000000002,LAZ (2),MISSING
FM0642,"TURTLE PIE, 2.5KG/TRAY",1.0,1470,LAZ (2),MISSING
FM0819,"STRAWBERRY GELATO, 2.5 KG TRAY",1.0,1470,LAZ (2),MISSING
CM0003,"DISPOSABLE, PLASTIC GLOVES, LARGE, 100 PCS XPACK",8.0,459.97056,LAZ (2),MISSING
CM0001,"CLING WRAP, 30 METERS PER ROLL",1.0,276.00552,LAZ (2),MISSING
FM0324,"NEW FERRERO, 2.5KG/TRAY",1.0,1469.9999999999998,LAZ (2),MISSING
FM0536,"COOKIE DOUGH GELATO, 2.5/TRAY",1.0,1470,LAZ (2),MISSING
FM0819,"STRAWBERRY GELATO, 2.5 KG TRAY",1.0,1470,LAZ (2),MISSING
FM0822,"CHOCOLATE THERAPY GELATO, 4.5/TRAY",0.56,1481.7600000000002,LAZ (2),MISSING
FM0827,"OREO COOKIES N' CREAM, 4.5KG./TRAY",0.56,1481.7600000000002,LAZ (2),MISSING
FM1205,"UBE GELATO, 2.5 KG/TRAY",1.0,1470,LAZ (2),MISSING
FM0462,"PISTACCHOCOLATO, WHOLE",6.0,3219.299999999999,LAZ (2),MISSING
FM0533," PISTACCHOCOLATO, CAKE MINI, PC ",3.0,1168.65,LAZ (2),MISSING
FM0565,"MIDNIGHT DREAM CAKE, PC",7.0,3652.95,LAZ (2),MISSING
FM1120,"MIDNIGHT DREAM CAKE, WHOLE, MINI",3.0,1095.15,LAZ (2),MISSING
FM1223,"MANGO MAGNIFICO CAKE, WHOLE, NEW DESIGN",8.0,4096.4,LAZ (2),MISSING
FM1281,"MINI MANGO MAGNIFICO, PC",3.0,1095.15,LAZ (2),MISSING
FM1293,"SALTED CHOCOLATE SMORES CAKE, NEW, PC",4.0,2048.2,LAZ (2),MISSING
FM1334,"CHOCOLATE JAVA CAKE, PC",9.0,4387.95,LAZ (2),MISSING
FM1333,"COFFEE CRUNCH,  70 G/PK, PK",9.0,119.95200000000001,LAZ (2),MISSING
FM0642,"TURTLE PIE, 2.5KG/TRAY",1.0,1470,LAZ (2),MISSING
FM0376,"BLANK HAPPY BIRTHDAY LABEL, 24PCS/BX",2.0,348.31133568,LAZ (2),MISSING
FM0326,"NEW MINT, 2.5KG/TRAY",1.0,1469.9999999999998,LAZ (3),MISSING
FM0566,"CASHEW BRITTLE, 15G/PK, PK",7.0,41.228228275862065,LAZ (3),MISSING
FM0594,SEA SALTED HONEY CRUNCH CAKE,5.0,2119.2499999999995,LAZ (3),MISSING
FM0846,SEA SALTED CRUNCH 140 GM,5.0,73.5448,LAZ (3),MISSING
FM1116,"STRAWBERRY CAKE, PIECE",2.0,1367.0999999999997,LAZ (3),MISSING
FM1212,"STRAWBERRY, VACUUM PACKED, PK",2.0,236.93298917647056,LAZ (3),MISSING
FM1118,"CASHEW BRITTLE, 10 GRAMS PER PACK",3.0,11.779493793103446,LAZ (3),MISSING
FM0365,"STRAWBERRY FROZEN, 150G / PACK",1.0,39.849599999999995,LAZ (3),MISSING
FM0375,"PIPING CHOCOLATE, 200G/PK",1.0,51.53038632,LAZ (3),MISSING
FM0337,"NEW PISTACHIO, 4.5KG/TRAY",0.56,1481.7600000000002,LAZ (3),MISSING
FM1175,"UBE CAKE, PC",15.0,7680.749999999999,LAZ (3),MISSING
FM1210,MINI UBE CAKE,5.0,1825.25,LAZ (3),MISSING
FM0326,"NEW MINT, 2.5KG/TRAY",1.0,1469.9999999999998,LAZ (3),MISSING
FM0324,"NEW FERRERO, 2.5KG/TRAY",1.0,1469.9999999999998,LAZ (3),MISSING
FM0533," PISTACCHOCOLATO, CAKE MINI, PC ",4.0,1558.2,LAZ (3),MISSING
FM0846,SEA SALTED CRUNCH 140 GM,7.0,102.96271999999999,LAZ (3),MISSING
FM0376,"BLANK HAPPY BIRTHDAY LABEL, 24PCS/BX",4.0,696.62267136,LAZ (3),MISSING
FM1334,"CHOCOLATE JAVA CAKE, PC",15.0,7313.249999999999,LAZ (3),MISSING
FM1175,"UBE CAKE, PC",25.0,12801.249999999998,LAZ (3),MISSING
FM0821,"BLUEBERRY CHEESECAKE GELATO, 4.5KG/TRAY",0.56,1481.7600000000002,LAZ (3),MISSING
FM0594,SEA SALTED HONEY CRUNCH CAKE,7.0,2966.9499999999994,LAZ (3),MISSING
FM1212,"STRAWBERRY, VACUUM PACKED, PK",3.0,355.3994837647058,LAZ (3),MISSING
FM1210,MINI UBE CAKE,8.0,2920.4,LAZ (3),MISSING
FM1333,"COFFEE CRUNCH,  70 G/PK, PK",15.0,199.92,LAZ (3),MISSING
FM0337,"NEW PISTACHIO, 4.5KG/TRAY",0.56,1481.7600000000002,LAZ (3),MISSING
FM0536,"COOKIE DOUGH GELATO, 2.5/TRAY",1.0,1470,LAZ (3),MISSING
FM0642,"TURTLE PIE, 2.5KG/TRAY",1.0,1470,LAZ (3),MISSING
FM0819,"STRAWBERRY GELATO, 2.5 KG TRAY",1.0,1470,LAZ (3),MISSING
FM0849,MANGO CREAM PIE 4.5 KG,0.56,1330.56,LAZ (3),MISSING
FM1132,"COFFEE MUDSLIDE GELATO, 2.5KGS./TRAY",1.0,1470,LAZ (3),MISSING
FM0566,"CASHEW BRITTLE, 15G/PK, PK",10.0,58.89746896551723,LAZ (3),MISSING
FM0565,"MIDNIGHT DREAM CAKE, PC",10.0,5218.5,LAZ (3),MISSING
FM1116,"STRAWBERRY CAKE, PIECE",3.0,2050.6499999999996,LAZ (3),MISSING
FM1118,"CASHEW BRITTLE, 10 GRAMS PER PACK",5.0,19.632489655172414,LAZ (3),MISSING
FM1120,"MIDNIGHT DREAM CAKE, WHOLE, MINI",5.0,1825.25,LAZ (3),MISSING
FM1281,"MINI MANGO MAGNIFICO, PC",5.0,1825.25,LAZ (3),MISSING
FM1223,"MANGO MAGNIFICO CAKE, WHOLE, NEW DESIGN",12.0,6144.5999999999985,LAZ (3),MISSING
FM0822,"CHOCOLATE THERAPY GELATO, 4.5/TRAY",0.56,1481.7600000000002,LAZ (3),MISSING
FM0376,"BLANK HAPPY BIRTHDAY LABEL, 24PCS/BX",2.0,348.31133568,LAZ (3),MISSING
FM1293,"SALTED CHOCOLATE SMORES CAKE, NEW, PC",5.0,2560.2499999999995,LAZ (4),MISSING
FM0365,"STRAWBERRY FROZEN, 150G / PACK",1.0,39.849599999999995,LAZ (4),MISSING
FM0827,"OREO COOKIES N' CREAM, 4.5KG./TRAY",0.56,1481.7600000000002,LAZ (4),MISSING
FM1205,"UBE GELATO, 2.5 KG/TRAY",1.0,1470,LAZ (4),MISSING
FM0462,"PISTACCHOCOLATO, WHOLE",8.0,4292.399999999999,LAZ (4),MISSING
FM0375,"PIPING CHOCOLATE, 200G/PK",2.0,103.06077264,LAZ (4),MISSING
FM0376,"BLANK HAPPY BIRTHDAY LABEL, 24PCS/BX",4.0,696.62267136,LAZ (4),MISSING
FM1118,"CASHEW BRITTLE, 10 GRAMS PER PACK",3.0,11.779493793103446,LAZ (4),MISSING
FM0365,"STRAWBERRY FROZEN, 150G / PACK",1.0,39.849599999999995,LAZ (4),MISSING
FM1223,"MANGO MAGNIFICO CAKE, WHOLE, NEW DESIGN",11.0,5632.549999999999,LAZ (4),MISSING
FM1212,"STRAWBERRY, VACUUM PACKED, PK",4.0,473.8659783529411,LAZ (4),MISSING
FM0846,SEA SALTED CRUNCH 140 GM,6.0,88.25376,LAZ (4),MISSING
FM0594,SEA SALTED HONEY CRUNCH CAKE,6.0,2543.0999999999995,LAZ (4),MISSING
FM0462,"PISTACCHOCOLATO, WHOLE",6.0,3219.299999999999,LAZ (4),MISSING
FM0819,"STRAWBERRY GELATO, 2.5 KG TRAY",1.0,1470,LAZ (4),MISSING
FM0337,"NEW PISTACHIO, 4.5KG/TRAY",0.56,1481.7600000000002,LAZ (4),MISSING
FM0326,"NEW MINT, 2.5KG/TRAY",1.0,1469.9999999999998,LAZ (4),MISSING
FM1175,"UBE CAKE, PC",24.0,12289.199999999997,LAZ (4),MISSING
FM0375,"PIPING CHOCOLATE, 200G/PK",1.0,51.53038632,LAZ (4),MISSING
FM0533," PISTACCHOCOLATO, CAKE MINI, PC ",3.0,1168.65,LAZ (4),MISSING
FM0565,"MIDNIGHT DREAM CAKE, PC",7.0,3652.95,LAZ (4),MISSING
FM0566,"CASHEW BRITTLE, 15G/PK, PK",7.0,41.228228275862065,LAZ (4),MISSING
FM1116,"STRAWBERRY CAKE, PIECE",4.0,2734.1999999999994,LAZ (4),MISSING
FM1120,"MIDNIGHT DREAM CAKE, WHOLE, MINI",3.0,1095.15,LAZ (4),MISSING
FM0536,"COOKIE DOUGH GELATO, 2.5/TRAY",1.0,1470,LAZ (4),MISSING
FM0324,"NEW FERRERO, 2.5KG/TRAY",1.0,1469.9999999999998,LAZ (4),MISSING
FM0821,"BLUEBERRY CHEESECAKE GELATO, 4.5KG/TRAY",0.56,1481.7600000000002,LAZ (4),MISSING
FM0822,"CHOCOLATE THERAPY GELATO, 4.5/TRAY",0.56,1481.7600000000002,LAZ (4),MISSING
FM0827,"OREO COOKIES N' CREAM, 4.5KG./TRAY",0.56,1481.7600000000002,LAZ (4),MISSING
FM0642,"TURTLE PIE, 2.5KG/TRAY",1.0,1470,LAZ (4),MISSING
FM1293,"SALTED CHOCOLATE SMORES CAKE, NEW, PC",5.0,2560.2499999999995,LAZ (4),MISSING
FM1281,"MINI MANGO MAGNIFICO, PC",3.0,1095.15,LAZ (4),MISSING
FM1333,"COFFEE CRUNCH,  70 G/PK, PK",12.0,159.936,LAZ (4),MISSING
FM1334,"CHOCOLATE JAVA CAKE, PC",12.0,5850.5999999999985,LAZ (4),MISSING
FM1210,MINI UBE CAKE,5.0,1825.25,LAZ (4),MISSING
FM0376,"BLANK HAPPY BIRTHDAY LABEL, 24PCS/BX",2.0,348.31133568,LAZ (4),MISSING
CM0001,"CLING WRAP, 30 METERS PER ROLL",2.0,552.01104,LAZ (5),MISSING
CM0003,"DISPOSABLE, PLASTIC GLOVES, LARGE, 100 PCS XPACK",9.0,517.46688,LAZ (5),MISSING
CM0036,"PLASTIC, SPOON, GELATO",2000.0,747.0399999999998,LAZ (5),MISSING
CM0129,"POS JOURNAL TAPE 76x70MM, 1 PLY",50.0,862.4999999999998,LAZ (5),MISSING
CM0130,"GENUINE EPSON BRAND ERC-38 RIBBON, BLACK",8.0,1333.9999999999995,LAZ (5),MISSING
FM1175,"UBE CAKE, PC",30.0,15361.499999999998,LAZ (5),MISSING
FM1334,"CHOCOLATE JAVA CAKE, PC",14.0,6825.699999999999,LAZ (5),MISSING
FM0822,"CHOCOLATE THERAPY GELATO, 4.5/TRAY",0.56,1481.7600000000002,LAZ (5),MISSING
FM1205,"UBE GELATO, 2.5 KG/TRAY",1.0,1470,LAZ (5),MISSING
FM0594,SEA SALTED HONEY CRUNCH CAKE,6.0,2543.0999999999995,LAZ (5),MISSING
FM0462,"PISTACCHOCOLATO, WHOLE",8.0,4292.399999999999,LAZ (5),MISSING
FM1132,"COFFEE MUDSLIDE GELATO, 2.5KGS./TRAY",1.0,1470,LAZ (5),MISSING
FM1212,"STRAWBERRY, VACUUM PACKED, PK",4.0,473.8659783529411,LAZ (5),MISSING
FM1116,"STRAWBERRY CAKE, PIECE",4.0,2734.1999999999994,LAZ (5),MISSING
FM1333,"COFFEE CRUNCH,  70 G/PK, PK",14.0,186.59199999999998,LAZ (5),MISSING
FM0536,"COOKIE DOUGH GELATO, 2.5/TRAY",1.0,1470,LAZ (5),MISSING
FM0337,"NEW PISTACHIO, 4.5KG/TRAY",0.56,1481.7600000000002,LAZ (5),MISSING
FM0324,"NEW FERRERO, 2.5KG/TRAY",1.0,1469.9999999999998,LAZ (5),MISSING
FM0849,MANGO CREAM PIE 4.5 KG,0.56,1330.56,LAZ (5),MISSING
FM0365,"STRAWBERRY FROZEN, 150G / PACK",1.0,39.849599999999995,LAZ (5),MISSING
FM1293,"SALTED CHOCOLATE SMORES CAKE, NEW, PC",6.0,3072.2999999999993,LAZ (5),MISSING
FM1223,"MANGO MAGNIFICO CAKE, WHOLE, NEW DESIGN",14.0,7168.699999999999,LAZ (5),MISSING
FM0375,"PIPING CHOCOLATE, 200G/PK",1.0,51.53038632,LAZ (5),MISSING
FM0376,"BLANK HAPPY BIRTHDAY LABEL, 24PCS/BX",4.0,696.62267136,LAZ (5),MISSING
FM0846,SEA SALTED CRUNCH 140 GM,6.0,88.25376,LAZ (5),MISSING
FM0819,"STRAWBERRY GELATO, 2.5 KG TRAY",1.0,1470,LAZ (5),MISSING
FM0376,"BLANK HAPPY BIRTHDAY LABEL, 24PCS/BX",2.0,348.31133568,LAZ (5),MISSING
FM0642,"TURTLE PIE, 2.5KG/TRAY",1.0,1470,LAZ (6),MISSING
FM0374,"HAPPY BIRTHDAY LABEL, 24PCS/BOX",2.0,365.59176192,LAZ (6),MISSING
FM0594,SEA SALTED HONEY CRUNCH CAKE,15.0,6357.749999999999,LAZ (6),MISSING
FM0376,"BLANK HAPPY BIRTHDAY LABEL, 24PCS/BX",4.0,696.62267136,LAZ (6),MISSING
FM0642,"TURTLE PIE, 2.5KG/TRAY",1.0,1470,LAZ (6),MISSING
FM0565,"MIDNIGHT DREAM CAKE, PC",30.0,15655.5,LAZ (6),MISSING
FM0365,"STRAWBERRY FROZEN, 150G / PACK",1.0,39.849599999999995,LAZ (6),MISSING
FM0566,"CASHEW BRITTLE, 15G/PK, PK",30.0,176.69240689655172,LAZ (6),MISSING
FM1223,"MANGO MAGNIFICO CAKE, WHOLE, NEW DESIGN",15.0,7680.749999999999,LAZ (6),MISSING
FM0846,SEA SALTED CRUNCH 140 GM,15.0,220.63439999999997,LAZ (6),MISSING
FM0324,"NEW FERRERO, 2.5KG/TRAY",2.0,2939.9999999999995,LAZ (6),MISSING
FM0337,"NEW PISTACHIO, 4.5KG/TRAY",0.56,1481.7600000000002,LAZ (6),MISSING
FM0375,"PIPING CHOCOLATE, 200G/PK",2.0,103.06077264,LAZ (6),MISSING
FM1293,"SALTED CHOCOLATE SMORES CAKE, NEW, PC",15.0,7680.749999999999,LAZ (6),MISSING
FM0326,"NEW MINT, 2.5KG/TRAY",1.0,1469.9999999999998,LAZ (6),MISSING
FM0462,"PISTACCHOCOLATO, WHOLE",12.0,6438.599999999998,LAZ (6),MISSING
FM0849,MANGO CREAM PIE 4.5 KG,0.56,1330.56,LAZ (6),MISSING
FM0821,"BLUEBERRY CHEESECAKE GELATO, 4.5KG/TRAY",0.56,1481.7600000000002,LAZ (6),MISSING
FM0827,"OREO COOKIES N' CREAM, 4.5KG./TRAY",0.56,1481.7600000000002,LAZ (6),MISSING
FM0819,"STRAWBERRY GELATO, 2.5 KG TRAY",1.0,1470,LAZ (6),MISSING
CM0001,"CLING WRAP, 30 METERS PER ROLL",1.0,276.00552,LAZ (6),MISSING
CM0073,"NAPKIN, CARAMIA, 1PLY 13""X13"", 100PCS/PCK, 50PCKS/CASE",800.0,257.59999999999997,LAZ (6),MISSING
FM1175,"UBE CAKE, PC",35.0,17921.749999999996,LAZ (6),MISSING
FM1334,"CHOCOLATE JAVA CAKE, PC",15.0,7313.249999999999,LAZ (6),MISSING
FM1333,"COFFEE CRUNCH,  70 G/PK, PK",15.0,199.92,LAZ (6),MISSING
FM0822,"CHOCOLATE THERAPY GELATO, 4.5/TRAY",1.56,4127.76,LAZ (6),MISSING
FM0536,"COOKIE DOUGH GELATO, 2.5/TRAY",2.0,2940,LAZ (6),MISSING
FM1333,"COFFEE CRUNCH,  70 G/PK, PK",20.0,266.56,LAZ (6),MISSING
FM0846,SEA SALTED CRUNCH 140 GM,30.0,441.26879999999994,LAZ (6),MISSING
FM1293,"SALTED CHOCOLATE SMORES CAKE, NEW, PC",25.0,12801.249999999998,LAZ (6),MISSING
FM0594,SEA SALTED HONEY CRUNCH CAKE,30.0,12715.499999999998,LAZ (6),MISSING
FM0536,"COOKIE DOUGH GELATO, 2.5/TRAY",1.0,1470,LAZ (6),MISSING
FM0365,"STRAWBERRY FROZEN, 150G / PACK",1.0,39.849599999999995,LAZ (6),MISSING
FM0642,"TURTLE PIE, 2.5KG/TRAY",1.0,1470,LAZ (7),MISSING
FM0566,"CASHEW BRITTLE, 15G/PK, PK",2.0,265.03861034482753,LAZ (7),MISSING
FM0849,MANGO CREAM PIE 4.5 KG,15.0,1330.56,LAZ (7),MISSING
FM0821,"BLUEBERRY CHEESECAKE GELATO, 4.5KG/TRAY",4.0,1481.7600000000002,LAZ (7),MISSING
FM0819,"STRAWBERRY GELATO, 2.5 KG TRAY",1.0,1470,LAZ (7),MISSING
FM0337,"NEW PISTACHIO, 4.5KG/TRAY",30.0,1481.7600000000002,LAZ (7),MISSING
FM0324,"NEW FERRERO, 2.5KG/TRAY",1.0,2939.9999999999995,LAZ (7),MISSING
FM0326,"NEW MINT, 2.5KG/TRAY",30.0,1469.9999999999998,LAZ (7),MISSING
FM0565,"MIDNIGHT DREAM CAKE, PC",15.0,23483.25,LAZ (7),MISSING
FM1205,"UBE GELATO, 2.5 KG/TRAY",15.0,1470,LAZ (7),MISSING
FM0827,"OREO COOKIES N' CREAM, 4.5KG./TRAY",12.0,1481.7600000000002,LAZ (7),MISSING
FM0462,"PISTACCHOCOLATO, WHOLE",2.0,8048.249999999998,LAZ (7),MISSING
FM1132,"COFFEE MUDSLIDE GELATO, 2.5KGS./TRAY",0.56,1470,LAZ (7),MISSING
FM0822,"CHOCOLATE THERAPY GELATO, 4.5/TRAY",2.0,2646,LAZ (7),MISSING
FM1334,"CHOCOLATE JAVA CAKE, PC",15.0,9750.999999999998,LAZ (7),MISSING
FM1175,"UBE CAKE, PC",1.0,33283.24999999999,LAZ (7),MISSING
FM1223,"MANGO MAGNIFICO CAKE, WHOLE, NEW DESIGN",12.0,15361.499999999998,LAZ (7),MISSING
FM0375,"PIPING CHOCOLATE, 200G/PK",0.56,360.71270424,LAZ (7),MISSING
FM0376,"BLANK HAPPY BIRTHDAY LABEL, 24PCS/BX",0.56,1741.5566784000002,LAZ (7),MISSING
FM1293,"SALTED CHOCOLATE SMORES CAKE, NEW, PC",0.56,12801.249999999998,LAZ (7),MISSING
FM0375,"PIPING CHOCOLATE, 200G/PK",1.0,154.59115895999997,LAZ (7),MISSING
FM0566,"CASHEW BRITTLE, 15G/PK, PK",100.0,265.03861034482753,LAZ (7),MISSING
FM1223,"MANGO MAGNIFICO CAKE, WHOLE, NEW DESIGN",30.0,71686.99999999999,LAZ (7),MISSING
FM1175,"UBE CAKE, PC",300.0,87048.49999999999,LAZ (7),MISSING
FM0594,SEA SALTED HONEY CRUNCH CAKE,40.0,8476.999999999998,LAZ (7),MISSING
FM0376,"BLANK HAPPY BIRTHDAY LABEL, 24PCS/BX",1.0,1044.93400704,LAZ (7),MISSING
FM1333,"COFFEE CRUNCH,  70 G/PK, PK",800.0,333.2,LAZ (7),MISSING
FM1334,"CHOCOLATE JAVA CAKE, PC",35.0,12188.749999999998,LAZ (7),MISSING
FM0846,SEA SALTED CRUNCH 140 GM,15.0,294.1792,LAZ (7),MISSING
FM0565,"MIDNIGHT DREAM CAKE, PC",15.0,23483.25,LAZ (7),MISSING
FM0462,"PISTACCHOCOLATO, WHOLE",1.56,8048.249999999998,LAZ (7),MISSING
FM0376,"BLANK HAPPY BIRTHDAY LABEL, 24PCS/BX",150.0,348.31133568,LAZ (7),MISSING
FM1223,"MANGO MAGNIFICO CAKE, WHOLE, NEW DESIGN",2.0,5120.499999999999,LAZ (7),MISSING
FM0375,"PIPING CHOCOLATE, 200G/PK",20.0,51.53038632,LAZ (7),MISSING
FM0337,"NEW PISTACHIO, 4.5KG/TRAY",30.0,1481.7600000000002,LAZ (7),MISSING
FM0642,"TURTLE PIE, 2.5KG/TRAY",25.0,1470,LAZ (7),MISSING
FM0846,SEA SALTED CRUNCH 140 GM,30.0,88.25376,LAZ (7),MISSING
FM0819,"STRAWBERRY GELATO, 2.5 KG TRAY",1.0,1470,LAZ (7),MISSING
FM0324,"NEW FERRERO, 2.5KG/TRAY",1.0,1469.9999999999998,LAZ (7),MISSING
FM0365,"STRAWBERRY FROZEN, 150G / PACK",1.0,39.849599999999995,LAZ (8),MISSING
FM0849,MANGO CREAM PIE 4.5 KG,0.56,1330.56,LAZ (8),MISSING
FM0594,SEA SALTED HONEY CRUNCH CAKE,6.0,2543.0999999999995,LAZ (8),MISSING
FM0462,"PISTACCHOCOLATO, WHOLE",6.0,3219.299999999999,LAZ (8),MISSING
FM0565,"MIDNIGHT DREAM CAKE, PC",9.0,4696.65,LAZ (8),MISSING
FM1333,"COFFEE CRUNCH,  70 G/PK, PK",12.0,159.936,LAZ (8),MISSING
FM1334,"CHOCOLATE JAVA CAKE, PC",12.0,5850.5999999999985,LAZ (8),MISSING
FM1293,"SALTED CHOCOLATE SMORES CAKE, NEW, PC",5.0,2560.2499999999995,LAZ (8),MISSING
FM0566,"CASHEW BRITTLE, 15G/PK, PK",9.0,53.007722068965506,LAZ (8),MISSING
FM0822,"CHOCOLATE THERAPY GELATO, 4.5/TRAY",0.56,1481.7600000000002,LAZ (8),MISSING
FM0326,"NEW MINT, 2.5KG/TRAY",1.0,1469.9999999999998,LAZ (8),MISSING
FM1175,"UBE CAKE, PC",20.0,10240.999999999998,LAZ (8),MISSING
FM1132,"COFFEE MUDSLIDE GELATO, 2.5KGS./TRAY",1.0,1470,LAZ (8),MISSING
FM0827,"OREO COOKIES N' CREAM, 4.5KG./TRAY",0.56,1481.7600000000002,LAZ (8),MISSING
FM1334,"CHOCOLATE JAVA CAKE, PC",12.0,5850.5999999999985,LAZ (8),MISSING
FM1333,"COFFEE CRUNCH,  70 G/PK, PK",12.0,159.936,LAZ (8),MISSING
FM1132,"COFFEE MUDSLIDE GELATO, 2.5KGS./TRAY",1.0,1470,LAZ (8),MISSING
FM1293,"SALTED CHOCOLATE SMORES CAKE, NEW, PC",5.0,2560.2499999999995,LAZ (8),MISSING
FM0536,"COOKIE DOUGH GELATO, 2.5/TRAY",1.0,1470,LAZ (8),MISSING
FM0324,"NEW FERRERO, 2.5KG/TRAY",1.0,1469.9999999999998,LAZ (8),MISSING
FM0337,"NEW PISTACHIO, 4.5KG/TRAY",0.56,1481.7600000000002,LAZ (8),MISSING
FM1281,"MINI MANGO MAGNIFICO, PC",4.0,1460.2,LAZ (8),MISSING
FM1118,"CASHEW BRITTLE, 10 GRAMS PER PACK",4.0,15.705991724137931,LAZ (8),MISSING
FM0565,"MIDNIGHT DREAM CAKE, PC",8.0,4174.8,LAZ (8),MISSING
FM0594,SEA SALTED HONEY CRUNCH CAKE,5.0,2119.2499999999995,LAZ (8),MISSING
FM0827,"OREO COOKIES N' CREAM, 4.5KG./TRAY",0.56,1481.7600000000002,LAZ (8),MISSING
FM0375,"PIPING CHOCOLATE, 200G/PK",2.0,103.06077264,LAZ (8),MISSING
FM0822,"CHOCOLATE THERAPY GELATO, 4.5/TRAY",0.56,1481.7600000000002,LAZ (8),MISSING
FM0533," PISTACCHOCOLATO, CAKE MINI, PC ",4.0,1558.2,LAZ (8),MISSING
FM1120,"MIDNIGHT DREAM CAKE, WHOLE, MINI",4.0,1460.2,LAZ (8),MISSING
FM1175,"UBE CAKE, PC",20.0,10240.999999999998,LAZ (8),MISSING
FM1210,MINI UBE CAKE,8.0,2920.4,LAZ (8),MISSING
FM0376,"BLANK HAPPY BIRTHDAY LABEL, 24PCS/BX",4.0,696.62267136,LAZ (8),MISSING
FM0566,"CASHEW BRITTLE, 15G/PK, PK",8.0,47.117975172413786,LAZ (8),MISSING
FM0846,SEA SALTED CRUNCH 140 GM,5.0,73.5448,LAZ (8),MISSING
FM0365,"STRAWBERRY FROZEN, 150G / PACK",1.0,39.849599999999995,LAZ (8),MISSING
FM0819,"STRAWBERRY GELATO, 2.5 KG TRAY",1.0,1470,LAZ (8),MISSING
FM0642,"TURTLE PIE, 2.5KG/TRAY",1.0,1470,LAZ (8),MISSING
FM0462,"PISTACCHOCOLATO, WHOLE",7.0,3755.849999999999,LAZ (8),MISSING
FM0849,MANGO CREAM PIE 4.5 KG,0.56,1330.56,LAZ (9),MISSING
FM1223,"MANGO MAGNIFICO CAKE, WHOLE, NEW DESIGN",10.0,5120.499999999999,LAZ (9),MISSING
FM0326,"NEW MINT, 2.5KG/TRAY",1.0,1469.9999999999998,LAZ (9),MISSING
FM1281,"MINI MANGO MAGNIFICO, PC",3.0,1095.15,LAZ (9),MISSING
FM0822,"CHOCOLATE THERAPY GELATO, 4.5/TRAY",0.56,1481.7600000000002,LAZ (9),MISSING
FM1223,"MANGO MAGNIFICO CAKE, WHOLE, NEW DESIGN",9.0,4608.449999999999,LAZ (9),MISSING
FM1175,"UBE CAKE, PC",15.0,7680.749999999999,LAZ (9),MISSING
FM0462,"PISTACCHOCOLATO, WHOLE",5.0,2682.7499999999995,LAZ (9),MISSING
FM0533," PISTACCHOCOLATO, CAKE MINI, PC ",3.0,1168.65,LAZ (9),MISSING
FM1293,"SALTED CHOCOLATE SMORES CAKE, NEW, PC",5.0,2560.2499999999995,LAZ (9),MISSING
FM1132,"COFFEE MUDSLIDE GELATO, 2.5KGS./TRAY",1.0,1470,LAZ (9),MISSING
FM1210,MINI UBE CAKE,7.0,2555.35,LAZ (9),MISSING
FM1212,"STRAWBERRY, VACUUM PACKED, PK",5.0,592.3324729411764,LAZ (9),MISSING
FM1205,"UBE GELATO, 2.5 KG/TRAY",1.0,1470,LAZ (9),MISSING
FM0642,"TURTLE PIE, 2.5KG/TRAY",1.0,1470,LAZ (9),MISSING
FM0566,"CASHEW BRITTLE, 15G/PK, PK",5.0,29.448734482758613,LAZ (9),MISSING
FM0565,"MIDNIGHT DREAM CAKE, PC",5.0,2609.25,LAZ (9),MISSING
FM0594,SEA SALTED HONEY CRUNCH CAKE,4.0,1695.3999999999996,LAZ (9),MISSING
FM0821,"BLUEBERRY CHEESECAKE GELATO, 4.5KG/TRAY",0.56,1481.7600000000002,LAZ (9),MISSING
FM0846,SEA SALTED CRUNCH 140 GM,4.0,58.83584,LAZ (9),MISSING
FM1333,"COFFEE CRUNCH,  70 G/PK, PK",9.0,119.95200000000001,LAZ (9),MISSING
FM0827,"OREO COOKIES N' CREAM, 4.5KG./TRAY",0.56,1481.7600000000002,LAZ (9),MISSING
FM0376,"BLANK HAPPY BIRTHDAY LABEL, 24PCS/BX",4.0,696.62267136,LAZ (9),MISSING
FM0536,"COOKIE DOUGH GELATO, 2.5/TRAY",1.0,1470,LAZ (9),MISSING
FM0375,"PIPING CHOCOLATE, 200G/PK",2.0,103.06077264,LAZ (9),MISSING
FM0324,"NEW FERRERO, 2.5KG/TRAY",1.0,1469.9999999999998,LAZ (9),MISSING
FM0819,"STRAWBERRY GELATO, 2.5 KG TRAY",1.0,1470,LAZ (9),MISSING
FM1118,"CASHEW BRITTLE, 10 GRAMS PER PACK",3.0,11.779493793103446,LAZ (9),MISSING
FM1120,"MIDNIGHT DREAM CAKE, WHOLE, MINI",3.0,1095.15,LAZ (9),MISSING
FM1116,"STRAWBERRY CAKE, PIECE",5.0,3417.7499999999995,LAZ (9),MISSING
FM0365,"STRAWBERRY FROZEN, 150G / PACK",1.0,39.849599999999995,LAZ (9),MISSING
FM1334,"CHOCOLATE JAVA CAKE, PC",9.0,4387.95,LAZ (9),MISSING
CM0057,"WHITE PAPER, HAND TOWEL 200X200MM,1PLY,150 PCS/PCK, 30PCKS/CASE",30.0,989.1149999999999,LAZ (9),MISSING
CM0073,"NAPKIN, CARAMIA, 1PLY 13""X13"", 100PCS/PCK, 50PCKS/CASE",1500.0,482.99999999999994,LAZ (9),MISSING
FM1132,"COFFEE MUDSLIDE GELATO, 2.5KGS./TRAY",1.0,1470,LAZ (9),MISSING
CM0003,"DISPOSABLE, PLASTIC GLOVES, LARGE, 100 PCS XPACK",5.0,287.4816,LAZ (10),MISSING
FM0376,"BLANK HAPPY BIRTHDAY LABEL, 24PCS/BX",4.0,696.62267136,LAZ (10),MISSING
FM0375,"PIPING CHOCOLATE, 200G/PK",2.0,103.06077264,LAZ (10),MISSING
FM1333,"COFFEE CRUNCH,  70 G/PK, PK",13.0,173.264,LAZ (10),MISSING
FM0566,"CASHEW BRITTLE, 15G/PK, PK",9.0,53.007722068965506,LAZ (10),MISSING
FM0324,"NEW FERRERO, 2.5KG/TRAY",1.0,1469.9999999999998,LAZ (10),MISSING
FM1334,"CHOCOLATE JAVA CAKE, PC",13.0,6338.149999999999,LAZ (10),MISSING
FM0594,SEA SALTED HONEY CRUNCH CAKE,7.0,2966.9499999999994,LAZ (10),MISSING
FM1116,"STRAWBERRY CAKE, PIECE",4.0,2734.1999999999994,LAZ (10),MISSING
FM0822,"CHOCOLATE THERAPY GELATO, 4.5/TRAY",0.56,1481.7600000000002,LAZ (10),MISSING
FM1293,"SALTED CHOCOLATE SMORES CAKE, NEW, PC",5.0,2560.2499999999995,LAZ (10),MISSING
FM0536,"COOKIE DOUGH GELATO, 2.5/TRAY",1.0,1470,LAZ (10),MISSING
FM0365,"STRAWBERRY FROZEN, 150G / PACK",1.0,39.849599999999995,LAZ (10),MISSING
FM0846,SEA SALTED CRUNCH 140 GM,7.0,102.96271999999999,LAZ (10),MISSING
FM0642,"TURTLE PIE, 2.5KG/TRAY",1.0,1470,LAZ (10),MISSING
FM0819,"STRAWBERRY GELATO, 2.5 KG TRAY",1.0,1470,LAZ (10),MISSING
FM0337,"NEW PISTACHIO, 4.5KG/TRAY",0.56,1481.7600000000002,LAZ (10),MISSING
FM0326,"NEW MINT, 2.5KG/TRAY",1.0,1469.9999999999998,LAZ (10),MISSING
FM0565,"MIDNIGHT DREAM CAKE, PC",9.0,4696.65,LAZ (10),MISSING
FM0533," PISTACCHOCOLATO, CAKE MINI, PC ",4.0,1558.2,LAZ (10),MISSING
FM0821,"BLUEBERRY CHEESECAKE GELATO, 4.5KG/TRAY",0.56,1481.7600000000002,LAZ (10),MISSING
FM1118,"CASHEW BRITTLE, 10 GRAMS PER PACK",5.0,19.632489655172414,LAZ (10),MISSING
FM1281,"MINI MANGO MAGNIFICO, PC",6.0,2190.3,LAZ (10),MISSING
CM0001,"CLING WRAP, 30 METERS PER ROLL",2.0,552.01104,LAZ (10),MISSING
FM0827,"OREO COOKIES N' CREAM, 4.5KG./TRAY",0.56,1481.7600000000002,LAZ (10),MISSING
FM1210,MINI UBE CAKE,7.0,2555.35,LAZ (10),MISSING
FM1120,"MIDNIGHT DREAM CAKE, WHOLE, MINI",5.0,1825.25,LAZ (10),MISSING
FM0462,"PISTACCHOCOLATO, WHOLE",8.0,4292.399999999999,LAZ (10),MISSING
FM1212,"STRAWBERRY, VACUUM PACKED, PK",4.0,473.8659783529411,LAZ (10),MISSING
FM1223,"MANGO MAGNIFICO CAKE, WHOLE, NEW DESIGN",12.0,6144.5999999999985,LAZ (10),MISSING
FM1175,"UBE CAKE, PC",30.0,15361.499999999998,LAZ (10),MISSING
FM0849,MANGO CREAM PIE 4.5 KG,0.56,1330.56,LAZ (10),MISSING
FM0822,"CHOCOLATE THERAPY GELATO, 4.5/TRAY",0.56,1481.7600000000002,LAZ (10),MISSING
FM0365,"STRAWBERRY FROZEN, 150G / PACK",1.0,39.849599999999995,LAZ (10),MISSING
FM0324,"NEW FERRERO, 2.5KG/TRAY",1.0,1469.9999999999998,LAZ (10),MISSING
FM0821,"BLUEBERRY CHEESECAKE GELATO, 4.5KG/TRAY",0.56,1481.7600000000002,LAZ (11),MISSING
FM0566,"CASHEW BRITTLE, 15G/PK, PK",7.0,41.228228275862065,LAZ (11),MISSING
FM0846,SEA SALTED CRUNCH 140 GM,6.0,88.25376,LAZ (11),MISSING
FM1212,"STRAWBERRY, VACUUM PACKED, PK",3.0,355.3994837647058,LAZ (11),MISSING
FM1116,"STRAWBERRY CAKE, PIECE",3.0,2050.6499999999996,LAZ (11),MISSING
FM1120,"MIDNIGHT DREAM CAKE, WHOLE, MINI",4.0,1460.2,LAZ (11),MISSING
FM1210,MINI UBE CAKE,6.0,2190.3,LAZ (11),MISSING
FM1333,"COFFEE CRUNCH,  70 G/PK, PK",10.0,133.28,LAZ (11),MISSING
FM1334,"CHOCOLATE JAVA CAKE, PC",10.0,4875.499999999999,LAZ (11),MISSING
FM0536,"COOKIE DOUGH GELATO, 2.5/TRAY",1.0,1470,LAZ (11),MISSING
FM0326,"NEW MINT, 2.5KG/TRAY",1.0,1469.9999999999998,LAZ (11),MISSING
FM0819,"STRAWBERRY GELATO, 2.5 KG TRAY",1.0,1470,LAZ (11),MISSING
FM0827,"OREO COOKIES N' CREAM, 4.5KG./TRAY",0.56,1481.7600000000002,LAZ (11),MISSING
FM1205,"UBE GELATO, 2.5 KG/TRAY",1.0,1470,LAZ (11),MISSING
FM0462,"PISTACCHOCOLATO, WHOLE",6.0,3219.299999999999,LAZ (11),MISSING
FM0533," PISTACCHOCOLATO, CAKE MINI, PC ",4.0,1558.2,LAZ (11),MISSING
FM0565,"MIDNIGHT DREAM CAKE, PC",7.0,3652.95,LAZ (11),MISSING
FM0594,SEA SALTED HONEY CRUNCH CAKE,6.0,2543.0999999999995,LAZ (11),MISSING
FM1118,"CASHEW BRITTLE, 10 GRAMS PER PACK",4.0,15.705991724137931,LAZ (11),MISSING
FM1175,"UBE CAKE, PC",24.0,12289.199999999997,LAZ (11),MISSING
FM1223,"MANGO MAGNIFICO CAKE, WHOLE, NEW DESIGN",10.0,5120.499999999999,LAZ (11),MISSING
FM1281,"MINI MANGO MAGNIFICO, PC",5.0,1825.25,LAZ (11),MISSING
FM1293,"SALTED CHOCOLATE SMORES CAKE, NEW, PC",5.0,2560.2499999999995,LAZ (11),MISSING
FM1214,"RED GLAZE, 100G/PK",1.0,26.28648605938144,LAZ (11),MISSING
FM0565,"MIDNIGHT DREAM CAKE, PC",10.0,5218.5,LAZ (11),MISSING
FM1175,"UBE CAKE, PC",30.0,15361.499999999998,LAZ (11),MISSING
FM1210,MINI UBE CAKE,8.0,2920.4,LAZ (11),MISSING
FM0566,"CASHEW BRITTLE, 15G/PK, PK",10.0,58.89746896551723,LAZ (11),MISSING
FM1223,"MANGO MAGNIFICO CAKE, WHOLE, NEW DESIGN",17.0,8704.849999999999,LAZ (11),MISSING
FM0324,"NEW FERRERO, 2.5KG/TRAY",1.0,1469.9999999999998,LAZ (11),MISSING
CM0002,"BAG, GARBAGE, CLEAR, 40"" X 37"" ( 45 MICRONS )",100.0,448.224,LAZ (11),MISSING
CM0039,"OTHERS-HAND TOWEL, PINK",12.0,402.54599999999994,LAZ (11),MISSING
FM0337,"NEW PISTACHIO, 4.5KG/TRAY",0.56,1481.7600000000002,LAZ (11),MISSING
FM0536,"COOKIE DOUGH GELATO, 2.5/TRAY",1.0,1470,LAZ (11),MISSING
FM0819,"STRAWBERRY GELATO, 2.5 KG TRAY",1.0,1470,LAZ (11),MISSING
FM0822,"CHOCOLATE THERAPY GELATO, 4.5/TRAY",0.56,1481.7600000000002,LAZ (11),MISSING
FM0827,"OREO COOKIES N' CREAM, 4.5KG./TRAY",0.56,1481.7600000000002,LAZ (11),MISSING
FM0846,SEA SALTED CRUNCH 140 GM,6.0,88.25376,LAZ (11),MISSING
FM0849,MANGO CREAM PIE 4.5 KG,0.56,1330.56,LAZ (12),MISSING
FM0594,SEA SALTED HONEY CRUNCH CAKE,6.0,2543.0999999999995,LAZ (12),MISSING
FM1116,"STRAWBERRY CAKE, PIECE",3.0,2050.6499999999996,LAZ (12),MISSING
FM1120,"MIDNIGHT DREAM CAKE, WHOLE, MINI",4.0,1460.2,LAZ (12),MISSING
FM1281,"MINI MANGO MAGNIFICO, PC",5.0,1825.25,LAZ (12),MISSING
FM1293,"SALTED CHOCOLATE SMORES CAKE, NEW, PC",5.0,2560.2499999999995,LAZ (12),MISSING
FM1333,"COFFEE CRUNCH,  70 G/PK, PK",12.0,159.936,LAZ (12),MISSING
CM0003,"DISPOSABLE, PLASTIC GLOVES, LARGE, 100 PCS XPACK",8.0,459.97056,LAZ (12),MISSING
FM0365,"STRAWBERRY FROZEN, 150G / PACK",1.0,39.849599999999995,LAZ (12),MISSING
FM0642,"TURTLE PIE, 2.5KG/TRAY",1.0,1470,LAZ (12),MISSING
FM0376,"BLANK HAPPY BIRTHDAY LABEL, 24PCS/BX",4.0,696.62267136,LAZ (12),MISSING
FM0375,"PIPING CHOCOLATE, 200G/PK",2.0,103.06077264,LAZ (12),MISSING
FM1334,"CHOCOLATE JAVA CAKE, PC",12.0,5850.5999999999985,LAZ (12),MISSING
FM1118,"CASHEW BRITTLE, 10 GRAMS PER PACK",4.0,15.705991724137931,LAZ (12),MISSING
FM0533," PISTACCHOCOLATO, CAKE MINI, PC ",4.0,1558.2,LAZ (12),MISSING
FM1212,"STRAWBERRY, VACUUM PACKED, PK",3.0,355.3994837647058,LAZ (12),MISSING
FM0462,"PISTACCHOCOLATO, WHOLE",6.0,3219.299999999999,LAZ (12),MISSING
FM1132,"COFFEE MUDSLIDE GELATO, 2.5KGS./TRAY",1.0,1470,LAZ (12),MISSING
FM0375,"PIPING CHOCOLATE, 200G/PK",1.0,51.53038632,LAZ (12),MISSING
FM0846,SEA SALTED CRUNCH 140 GM,4.0,58.83584,LAZ (12),MISSING
FM1118,"CASHEW BRITTLE, 10 GRAMS PER PACK",3.0,11.779493793103446,LAZ (12),MISSING
FM1175,"UBE CAKE, PC",15.0,7680.749999999999,LAZ (12),MISSING
FM1210,MINI UBE CAKE,6.0,2190.3,LAZ (12),MISSING
FM1223,"MANGO MAGNIFICO CAKE, WHOLE, NEW DESIGN",8.0,4096.4,LAZ (12),MISSING
FM1281,"MINI MANGO MAGNIFICO, PC",3.0,1095.15,LAZ (12),MISSING
FM0594,SEA SALTED HONEY CRUNCH CAKE,4.0,1695.3999999999996,LAZ (12),MISSING
FM0566,"CASHEW BRITTLE, 15G/PK, PK",6.0,35.33848137931034,LAZ (12),MISSING
FM1116,"STRAWBERRY CAKE, PIECE",3.0,2050.6499999999996,LAZ (12),MISSING
FM0533," PISTACCHOCOLATO, CAKE MINI, PC ",3.0,1168.65,LAZ (12),MISSING
FM0462,"PISTACCHOCOLATO, WHOLE",6.0,3219.299999999999,LAZ (12),MISSING
FM0827,"OREO COOKIES N' CREAM, 4.5KG./TRAY",0.56,1481.7600000000002,LAZ (12),MISSING
FM0822,"CHOCOLATE THERAPY GELATO, 4.5/TRAY",0.56,1481.7600000000002,LAZ (12),MISSING
FM0821,"BLUEBERRY CHEESECAKE GELATO, 4.5KG/TRAY",0.56,1481.7600000000002,LAZ (12),MISSING
FM0376,"BLANK HAPPY BIRTHDAY LABEL, 24PCS/BX",2.0,348.31133568,LAZ (12),MISSING
FM1333,"COFFEE CRUNCH,  70 G/PK, PK",8.0,106.624,LAZ (12),MISSING
FM1334,"CHOCOLATE JAVA CAKE, PC",8.0,3900.3999999999996,LAZ (12),MISSING
FM1212,"STRAWBERRY, VACUUM PACKED, PK",3.0,355.3994837647058,LAZ (12),MISSING
FM1293,"SALTED CHOCOLATE SMORES CAKE, NEW, PC",5.0,2560.2499999999995,LAZ (13),MISSING
FM1120,"MIDNIGHT DREAM CAKE, WHOLE, MINI",3.0,1095.15,LAZ (13),MISSING
FM0565,"MIDNIGHT DREAM CAKE, PC",6.0,3131.1,LAZ (13),MISSING
FM0642,"TURTLE PIE, 2.5KG/TRAY",1.0,1470,LAZ (13),MISSING
FM0536,"COOKIE DOUGH GELATO, 2.5/TRAY",1.0,1470,LAZ (13),MISSING
FM0337,"NEW PISTACHIO, 4.5KG/TRAY",0.56,1481.7600000000002,LAZ (13),MISSING
FM0324,"NEW FERRERO, 2.5KG/TRAY",1.0,1469.9999999999998,LAZ (13),MISSING
CM0012,"DISPOSABLE PLASTIC FORK, BLACK,  25 PCS X 100 PK X 1 CS",100.0,81.14399999999999,LAZ (13),MISSING
FM0365,"STRAWBERRY FROZEN, 150G / PACK",1.0,39.849599999999995,LAZ (13),MISSING
FM1334,"CHOCOLATE JAVA CAKE, PC",13.0,6338.149999999999,LAZ (13),MISSING
FM1333,"COFFEE CRUNCH,  70 G/PK, PK",13.0,173.264,LAZ (13),MISSING
FM1281,"MINI MANGO MAGNIFICO, PC",5.0,1825.25,LAZ (13),MISSING
FM1223,"MANGO MAGNIFICO CAKE, WHOLE, NEW DESIGN",13.0,6656.649999999999,LAZ (13),MISSING
FM0846,SEA SALTED CRUNCH 140 GM,7.0,102.96271999999999,LAZ (13),MISSING
FM0565,"MIDNIGHT DREAM CAKE, PC",8.0,4174.8,LAZ (13),MISSING
FM0462,"PISTACCHOCOLATO, WHOLE",8.0,4292.399999999999,LAZ (13),MISSING
FM1132,"COFFEE MUDSLIDE GELATO, 2.5KGS./TRAY",1.0,1470,LAZ (13),MISSING
FM0849,MANGO CREAM PIE 4.5 KG,0.56,1330.56,LAZ (13),MISSING
FM0827,"OREO COOKIES N' CREAM, 4.5KG./TRAY",0.56,1481.7600000000002,LAZ (13),MISSING
FM0821,"BLUEBERRY CHEESECAKE GELATO, 4.5KG/TRAY",0.56,1481.7600000000002,LAZ (13),MISSING
FM0337,"NEW PISTACHIO, 4.5KG/TRAY",0.56,1481.7600000000002,LAZ (13),MISSING
FM1210,MINI UBE CAKE,7.0,2555.35,LAZ (13),MISSING
FM1175,"UBE CAKE, PC",30.0,15361.499999999998,LAZ (13),MISSING
FM1120,"MIDNIGHT DREAM CAKE, WHOLE, MINI",5.0,1825.25,LAZ (13),MISSING
FM1118,"CASHEW BRITTLE, 10 GRAMS PER PACK",5.0,19.632489655172414,LAZ (13),MISSING
FM0594,SEA SALTED HONEY CRUNCH CAKE,7.0,2966.9499999999994,LAZ (13),MISSING
FM0375,"PIPING CHOCOLATE, 200G/PK",2.0,103.06077264,LAZ (13),MISSING
FM0326,"NEW MINT, 2.5KG/TRAY",1.0,1469.9999999999998,LAZ (13),MISSING
FM0324,"NEW FERRERO, 2.5KG/TRAY",1.0,1469.9999999999998,LAZ (13),MISSING
FM0376,"BLANK HAPPY BIRTHDAY LABEL, 24PCS/BX",4.0,696.62267136,LAZ (13),MISSING
FM1293,"SALTED CHOCOLATE SMORES CAKE, NEW, PC",7.0,3584.3499999999995,LAZ (13),MISSING
FM1116,"STRAWBERRY CAKE, PIECE",3.0,2050.6499999999996,LAZ (13),MISSING
FM1212,"STRAWBERRY, VACUUM PACKED, PK",3.0,355.3994837647058,LAZ (13),MISSING
FM0566,"CASHEW BRITTLE, 15G/PK, PK",8.0,47.117975172413786,LAZ (13),MISSING
FM0533," PISTACCHOCOLATO, CAKE MINI, PC ",4.0,1558.2,LAZ (14),MISSING
FM0822,"CHOCOLATE THERAPY GELATO, 4.5/TRAY",0.56,1481.7600000000002,LAZ (14),MISSING
FM0819,"STRAWBERRY GELATO, 2.5 KG TRAY",1.0,1470,LAZ (14),MISSING
FM0642,"TURTLE PIE, 2.5KG/TRAY",1.0,1470,LAZ (14),MISSING
FM0536,"COOKIE DOUGH GELATO, 2.5/TRAY",1.0,1470,LAZ (14),MISSING
FM1175,"UBE CAKE, PC",25.0,12801.249999999998,LAZ (14),MISSING
FM0819,"STRAWBERRY GELATO, 2.5 KG TRAY",1.0,1470,LAZ (14),MISSING
FM0536,"COOKIE DOUGH GELATO, 2.5/TRAY",1.0,1470,LAZ (14),MISSING
FM1334,"CHOCOLATE JAVA CAKE, PC",12.0,5850.5999999999985,LAZ (14),MISSING
FM1223,"MANGO MAGNIFICO CAKE, WHOLE, NEW DESIGN",12.0,6144.5999999999985,LAZ (14),MISSING
FM1210,MINI UBE CAKE,8.0,2920.4,LAZ (14),MISSING
FM0533," PISTACCHOCOLATO, CAKE MINI, PC ",3.0,1168.65,LAZ (14),MISSING
FM0462,"PISTACCHOCOLATO, WHOLE",7.0,3755.849999999999,LAZ (14),MISSING
FM0324,"NEW FERRERO, 2.5KG/TRAY",2.0,2939.9999999999995,LAZ (14),MISSING
FM0337,"NEW PISTACHIO, 4.5KG/TRAY",0.56,1481.7600000000002,LAZ (14),MISSING
CM0001,"CLING WRAP, 30 METERS PER ROLL",1.0,276.00552,LAZ (14),MISSING
CM0036,"PLASTIC, SPOON, GELATO",2000.0,747.0399999999998,LAZ (14),MISSING
FM1333,"COFFEE CRUNCH,  70 G/PK, PK",12.0,159.936,LAZ (14),MISSING
FM1293,"SALTED CHOCOLATE SMORES CAKE, NEW, PC",4.0,2048.2,LAZ (14),MISSING
FM1281,"MINI MANGO MAGNIFICO, PC",5.0,1825.25,LAZ (14),MISSING
FM1120,"MIDNIGHT DREAM CAKE, WHOLE, MINI",5.0,1825.25,LAZ (14),MISSING
FM1118,"CASHEW BRITTLE, 10 GRAMS PER PACK",5.0,19.632489655172414,LAZ (14),MISSING
FM1116,"STRAWBERRY CAKE, PIECE",4.0,2734.1999999999994,LAZ (14),MISSING
FM1212,"STRAWBERRY, VACUUM PACKED, PK",4.0,473.8659783529411,LAZ (14),MISSING
FM0594,SEA SALTED HONEY CRUNCH CAKE,7.0,2966.9499999999994,LAZ (14),MISSING
FM0846,SEA SALTED CRUNCH 140 GM,7.0,102.96271999999999,LAZ (14),MISSING
FM0565,"MIDNIGHT DREAM CAKE, PC",8.0,4174.8,LAZ (14),MISSING
FM0566,"CASHEW BRITTLE, 15G/PK, PK",8.0,47.117975172413786,LAZ (14),MISSING
FM1132,"COFFEE MUDSLIDE GELATO, 2.5KGS./TRAY",1.0,1470,LAZ (14),MISSING
FM0827,"OREO COOKIES N' CREAM, 4.5KG./TRAY",0.56,1481.7600000000002,LAZ (14),MISSING
FM0822,"CHOCOLATE THERAPY GELATO, 4.5/TRAY",1.0,2646,LAZ (14),MISSING
FM0821,"BLUEBERRY CHEESECAKE GELATO, 4.5KG/TRAY",0.56,1481.7600000000002,LAZ (15),MISSING
FM1120,"MIDNIGHT DREAM CAKE, WHOLE, MINI",4.0,1460.2,LAZ (15),MISSING
FM0365,"STRAWBERRY FROZEN, 150G / PACK",1.0,39.849599999999995,LAZ (15),MISSING
FM0827,"OREO COOKIES N' CREAM, 4.5KG./TRAY",0.56,1481.7600000000002,LAZ (15),MISSING
FM0849,MANGO CREAM PIE 4.5 KG,0.56,1330.56,LAZ (15),MISSING
FM1118,"CASHEW BRITTLE, 10 GRAMS PER PACK",4.0,15.705991724137931,LAZ (15),MISSING
FM0326,"NEW MINT, 2.5KG/TRAY",1.0,1469.9999999999998,LAZ (15),MISSING
FM0536,"COOKIE DOUGH GELATO, 2.5/TRAY",1.0,1470,LAZ (15),MISSING
FM0375,"PIPING CHOCOLATE, 200G/PK",2.0,103.06077264,LAZ (15),MISSING
FM0376,"BLANK HAPPY BIRTHDAY LABEL, 24PCS/BX",2.0,348.31133568,LAZ (15),MISSING
FM0324,"NEW FERRERO, 2.5KG/TRAY",4.0,5879.999999999999,LAZ (15),MISSING
FM0462,"PISTACCHOCOLATO, WHOLE",8.0,4292.399999999999,LAZ (15),MISSING
FM0533," PISTACCHOCOLATO, CAKE MINI, PC ",3.0,1168.65,LAZ (15),MISSING
FM0566,"CASHEW BRITTLE, 15G/PK, PK",8.0,47.117975172413786,LAZ (15),MISSING
FM0565,"MIDNIGHT DREAM CAKE, PC",8.0,4174.8,LAZ (15),MISSING
FM0819,"STRAWBERRY GELATO, 2.5 KG TRAY",2.0,2940,LAZ (15),MISSING
FM0821,"BLUEBERRY CHEESECAKE GELATO, 4.5KG/TRAY",1.12,2963.5200000000004,LAZ (15),MISSING
FM1210,MINI UBE CAKE,7.0,2555.35,LAZ (15),MISSING
FM1223,"MANGO MAGNIFICO CAKE, WHOLE, NEW DESIGN",12.0,6144.5999999999985,LAZ (15),MISSING
FM1281,"MINI MANGO MAGNIFICO, PC",5.0,1825.25,LAZ (15),MISSING
FM1293,"SALTED CHOCOLATE SMORES CAKE, NEW, PC",5.0,2560.2499999999995,LAZ (15),MISSING
FM1333,"COFFEE CRUNCH,  70 G/PK, PK",15.0,199.92,LAZ (15),MISSING
FM1334,"CHOCOLATE JAVA CAKE, PC",15.0,7313.249999999999,LAZ (15),MISSING
FM0642,"TURTLE PIE, 2.5KG/TRAY",1.0,1470,LAZ (15),MISSING
FM0822,"CHOCOLATE THERAPY GELATO, 4.5/TRAY",1.12,2963.5200000000004,LAZ (15),MISSING
FM1205,"UBE GELATO, 2.5 KG/TRAY",1.0,1470,LAZ (15),MISSING
FM0846,SEA SALTED CRUNCH 140 GM,9.0,132.38064,LAZ (15),MISSING
FM0594,SEA SALTED HONEY CRUNCH CAKE,9.0,3814.6499999999996,LAZ (15),MISSING
FM1212,"STRAWBERRY, VACUUM PACKED, PK",3.0,355.3994837647058,LAZ (15),MISSING
FM1116,"STRAWBERRY CAKE, PIECE",3.0,2050.6499999999996,LAZ (15),MISSING
FM1175,"UBE CAKE, PC",25.0,12801.249999999998,LAZ (15),MISSING
CM0003,"DISPOSABLE, PLASTIC GLOVES, LARGE, 100 PCS XPACK",8.0,459.97056,LAZ (15),MISSING
CM0001,"CLING WRAP, 30 METERS PER ROLL",1.0,276.00552,LAZ (15),MISSING
FM0533," PISTACCHOCOLATO, CAKE MINI, PC ",4.0,1558.2,LAZ (15),MISSING
FM1120,"MIDNIGHT DREAM CAKE, WHOLE, MINI",2.0,730.1,LAZ (15),MISSING
FM1118,"CASHEW BRITTLE, 10 GRAMS PER PACK",2.0,7.8529958620689655,LAZ (16),MISSING
FM1281,"MINI MANGO MAGNIFICO, PC",1.0,365.05,LAZ (16),MISSING
FM1210,MINI UBE CAKE,1.0,365.05,LAZ (16),MISSING
FM0608,"HONEY SEA SALTED CRUNCH (DUMMY), PC",1.0,57.5904,LAZ (16),MISSING
FM1335,"CHOCOLATE JAVA CAKE, DUMMY",1.0,168,LAZ (16),MISSING
FM1358,"MANGO CREAM PIE ver.1, PC",2.0,1171.0944,LAZ (16),MISSING
