Sheet,Status,Inferred Branch,Ref Count (Sheet),Ref Matches (Caramia),Sample Ref
LAZ,MISSING,N/A,3,0,WH/OUT/31100
LAZ (2),MISSING,N/A,3,0,WH/OUT/31323
LAZ (3),MISSING,N/A,2,0,WH/OUT/31323
LAZ (4),MISSING,N/A,5,0,WH/OUT/31351
LAZ (5),MISSING,N/A,3,0,WH/OUT/31323
LAZ (6),MISSING,N/A,5,0,WH/OUT/31761
LAZ (7),MISSING,N/A,4,0,WH/OUT/32069
LAZ (8),MISSING,N/A,2,0,WH/OUT/32304
LAZ (9),MISSING,N/A,6,0,WH/OUT/32585
LAZ (10),MISSING,N/A,3,0,WH/OUT/32775
LAZ (11),MISSING,N/A,4,0,WH/OUT/32858
LAZ (12),MISSING,N/A,3,0,WH/OUT/32858
LAZ (13),MISSING,N/A,4,0,WH/OUT/32962
LAZ (14),MISSING,N/A,3,0,WH/OUT/33235
LAZ (15),MISSING,N/A,5,0,WH/OUT/31550
LAZ (16),MISSING,N/A,3,0,WH/OUT/32667
Sheet1,MISSING,N/A,8,0,WH/OUT/31230
ITEM LIST,Unknown/No Refs,N/A,0,0,
